City,Cloudines,Country,Date,Humidity,Latitude,Longitude,Max Temp,Wind Speed
Canavieiras,100,BR,1552026675,85,-15.68,-38.95,299.867,0.76
Hithadhoo,0,MV,1552026675,100,-0.6,73.08,301.467,1.51
Rikitea,44,PF,1552026675,100,-23.12,-134.97,299.842,7.06
Esperance,20,TT,1552026608,83,10.24,-61.45,298.15,2.1
Kapaa,90,US,1552026512,73,22.08,-159.32,296.15,10.3
Billings,75,US,1552026637,79,45.79,-108.5,271.48,2.6
Celestun,0,MX,1552026676,94,20.87,-90.4,298.942,9.76
Kysyl-Syr,64,RU,1552026676,57,63.9,122.77,264.017,3.61
Aripuana,0,BR,1552026676,86,-9.17,-60.63,297.792,1.31
Yellowknife,5,CA,1552024800,76,62.45,-114.38,252.15,1.51
Ancud,0,CL,1552024800,81,-41.87,-73.83,280.15,5.1
Verkhnevilyuysk,68,RU,1552026677,59,63.45,120.31,264.842,3.61
Avarua,92,CK,1552023000,78,-21.21,-159.78,300.15,2.6
Muyezerskiy,92,RU,1552026677,92,63.93,31.65,268.217,2.51
Palu,80,ID,1552026677,51,-0.9,119.87,299.867,0.66
Vaini,0,IN,1552021200,15,15.34,74.49,305.15,3.1
Umm Kaddadah,0,SD,1552026677,28,13.6,26.69,289.517,6.61
Inirida,64,CO,1552026678,96,3.87,-67.92,296.267,0.71
Hermanus,80,ZA,1552026669,92,-34.42,19.24,290.93,2.71
Sakaraha,0,MG,1552026678,59,-22.91,44.53,299.717,2.91
Nikolskoye,90,RU,1552026634,93,59.7,30.79,275.37,6.0
Menongue,20,AO,1552026678,92,-14.66,17.68,290.192,1.41
Bluff,88,AU,1552026678,54,-23.58,149.07,302.492,7.36
Mataura,8,NZ,1552026607,70,-46.19,168.86,287.59,2.24
Punta Arenas,75,CL,1552026192,75,-53.16,-70.91,280.15,6.2
Ostrovnoy,0,RU,1552026679,74,68.05,39.51,257.992,5.21
Mahebourg,40,MU,1552026542,66,-20.41,57.7,302.15,1.5
Beyneu,20,KZ,1552026679,80,45.32,55.19,278.867,2.06
Kanigoro,92,ID,1552026679,96,-8.13,112.22,300.342,5.16
Qaanaaq,0,GL,1552026679,93,77.48,-69.36,248.492,2.76
Provideniya,68,RU,1552026817,100,64.42,-173.23,268.867,12.31
Waingapu,100,ID,1552026817,89,-9.65,120.26,299.442,2.01
Ushuaia,20,AR,1552024800,100,-54.81,-68.31,277.15,6.2
Deder,20,ET,1552026818,68,9.31,41.44,296.492,1.81
Saint-Augustin,75,FR,1552026790,93,44.83,-0.61,281.48,1.0
Georgetown,20,GY,1552021200,100,6.8,-58.16,296.15,3.16
Avera,90,US,1552026708,61,33.19,-82.53,284.26,2.6
Saint Anthony,90,US,1552026361,93,43.97,-111.68,275.15,4.6
Albany,20,US,1552026819,61,42.65,-73.75,264.26,1.5
Bambous Virieux,40,MU,1552026542,66,-20.34,57.76,302.15,1.5
Miandrivazo,76,MG,1552026819,97,-19.53,45.46,296.117,1.61
Busselton,48,AU,1552026616,34,-33.64,115.35,302.04,1.66
Jinchang,8,CN,1552026812,88,38.52,102.19,275.392,3.36
Mizque,44,BO,1552026820,93,-17.94,-65.34,281.892,1.06
Bredasdorp,88,ZA,1552026717,82,-34.53,20.04,290.15,1.5
Butaritari,88,KI,1552026820,100,3.07,172.79,300.942,5.46
Souillac,75,FR,1552026790,100,45.6,-0.6,281.48,1.5
Gizo,20,IL,1552026785,82,31.8,34.94,289.26,2.6
Saint-Philippe,1,CA,1552026805,56,45.36,-73.48,263.15,5.1
Praia da Vitoria,75,PT,1552026643,93,38.73,-27.07,288.71,7.21
Roald,40,NO,1552026699,100,62.58,6.12,273.15,4.6
Hokitika,44,NZ,1552026821,86,-42.72,170.96,290.142,2.96
Hasaki,20,JP,1552025975,32,35.73,140.83,285.93,5.1
Okato,100,NZ,1552026731,83,-39.19,173.88,289.26,0.89
Husavik,0,CA,1552026606,85,50.56,-96.99,258.15,2.24
Tuktoyaktuk,90,CA,1552024800,85,69.44,-133.03,266.15,4.6
Cherskiy,44,RU,1552026822,69,68.75,161.3,254.392,0.71
Hamilton,75,BM,1552026653,62,32.3,-64.78,288.15,5.7
Bintulu,75,MY,1552024800,74,3.17,113.03,304.15,4.1
Saldanha,12,PT,1552026822,83,41.42,-6.55,271.617,1.21
Rumilly,75,FR,1552026684,75,45.87,5.94,281.15,3.6
Alice Springs,0,AU,1552023000,8,-23.7,133.88,309.15,4.6
Dikson,68,RU,1552026823,95,73.51,80.55,261.442,4.51
Port Alfred,92,ZA,1552026645,94,-33.59,26.89,290.37,2.24
Atuona,64,PF,1552026823,97,-9.8,-139.03,301.592,7.61
Kodiak,90,US,1552026817,95,39.95,-94.76,274.26,4.6
East London,90,ZA,1552024800,100,-33.02,27.91,292.15,7.2
Sinnamary,88,GF,1552026824,100,5.38,-52.96,298.442,4.31
Chumikan,80,RU,1552026824,70,54.72,135.31,272.142,2.01
Mayumba,68,GA,1552026824,100,-3.44,10.65,299.542,0.51
Butte,90,US,1552025845,73,46.01,-112.54,267.15,2.1
Desaguadero,0,PE,1552026824,95,-16.56,-69.04,273.867,0.46
Caxito,12,BR,1552026824,85,-22.65,-42.51,297.742,4.21
Hobart,75,AU,1552026596,76,-42.88,147.33,288.15,9.3
Lebu,88,ET,1552026825,73,8.96,38.73,288.542,1.21
Tuatapere,24,NZ,1552026607,70,-46.13,167.69,287.59,2.24
Pauini,76,BR,1552026825,91,-7.71,-67.0,298.792,1.11
Uhlove,0,UA,1552026825,88,44.82,33.6,279.192,5.71
Amapa,20,HN,1552024800,83,15.09,-87.97,298.15,3.6
Mar del Plata,0,AR,1552026719,100,-46.43,-67.52,278.342,0.71
Varhaug,40,NO,1552026798,64,58.61,5.65,277.15,14.4
Barrow,8,AR,1552026826,73,-38.31,-60.23,288.217,7.01
Itoman,75,JP,1552026360,63,26.12,127.67,292.15,5.1
Doha,0,QA,1552024800,35,25.29,51.53,295.15,2.6
Constantine,0,DZ,1552024800,93,36.36,6.61,278.15,1.0
Pimentel,56,BR,1552026826,93,-3.7,-45.5,296.367,1.36
Vilhena,12,BR,1552026641,90,-12.74,-60.15,294.692,1.41
Belyy Yar,0,RU,1552024800,46,53.6,91.39,273.15,2.0
Jumla,0,NP,1552026827,58,29.28,82.18,274.442,0.71
Trairi,36,BR,1552026827,100,-3.28,-39.27,300.292,2.46
Marysville,1,CA,1552026817,92,42.91,-82.49,265.37,2.51
Camacha,40,PT,1552024800,67,33.08,-16.33,289.15,7.2
Chokurdakh,56,RU,1552026827,77,70.62,147.9,248.592,1.36
Longyearbyen,0,NO,1552026000,70,78.22,15.63,253.15,2.1
Torbay,75,CA,1552026815,78,47.66,-52.73,262.59,8.7
Kudahuvadhoo,56,MV,1552026755,100,2.67,72.89,300.792,1.51
Talnakh,88,RU,1552026828,94,69.49,88.39,270.217,3.81
Hambantota,40,LK,1552025400,66,6.12,81.12,305.15,2.1
Abay,0,KZ,1552024800,72,49.63,72.87,264.15,2.0
Santander,40,PH,1552024800,70,9.42,123.33,302.15,4.1
New Norfolk,75,AU,1552026795,76,-42.78,147.06,288.15,9.3
Sarangani,80,PH,1552026829,96,5.4,125.46,300.367,1.61
Embu,0,KE,1552026829,73,-0.54,37.46,293.017,1.76
Yumen,0,CN,1552026829,44,40.29,97.04,282.517,4.66
Port Elizabeth,1,US,1552026826,73,39.31,-74.98,272.04,1.41
Beaupre,20,CA,1552026671,71,47.04,-70.9,260.93,4.6
Segezha,92,RU,1552026830,90,63.74,34.31,269.617,3.01
Saint George,40,GR,1552026800,100,39.45,22.34,282.59,0.41
Belaya Gora,8,RU,1552026830,75,68.54,146.19,248.792,1.31
Stettler,64,CA,1552026726,84,52.32,-112.71,259.26,2.68
Birao,8,CF,1552026830,27,10.3,22.78,294.767,6.81
Khani,75,GE,1552026600,87,41.96,42.96,282.15,2.1
Kalia,0,BD,1552026831,52,23.05,89.63,302.017,2.91
Mount Gambier,90,AU,1552024800,52,-37.83,140.78,292.15,3.6
Ribeira Grande,92,PT,1552026831,94,38.52,-28.7,289.592,7.46
Cape Town,20,ZA,1552026774,67,-33.93,18.42,292.04,10.3
Khatanga,20,RU,1552026831,71,71.98,102.47,253.967,1.16
Faanui,92,PF,1552026831,97,-16.48,-151.75,302.517,8.61
Havoysund,0,NO,1552026000,78,71.0,24.66,266.15,6.2
Jeremie,32,HT,1552026832,100,18.65,-74.12,296.442,4.91
Mae Ramat,20,TH,1552026298,38,16.98,98.52,312.04,3.6
Nanortalik,88,GL,1552026832,95,60.14,-45.24,272.592,8.86
Barcelona,20,ES,1552026778,100,41.38,2.18,284.26,4.6
Monrovia,20,LR,1552024800,94,6.33,-10.8,296.15,1.76
Rey Bouba,0,CM,1552026833,67,8.67,14.18,293.642,1.11
Jamestown,12,AU,1552026662,32,-33.21,138.6,299.442,2.91
Kiunga,24,PG,1552026833,83,-6.12,141.3,300.792,0.41
Lorengau,68,PG,1552026833,100,-2.02,147.27,298.942,2.86
Polyarnyy,0,RU,1552024800,76,69.2,33.45,249.15,2.0
Santa Cruz de la Palma,40,ES,1552024800,82,28.68,-17.76,291.15,8.7
Manaure,32,CO,1552026834,93,11.78,-72.45,298.042,8.31
Richards Bay,8,ZA,1552026834,82,-28.77,32.06,297.892,1.51
Kaitangata,0,NZ,1552026801,73,-46.28,169.85,287.04,7.6
Lavrentiya,76,RU,1552026834,93,65.58,-170.99,268.342,11.56
Codrington,92,AU,1552026624,65,-28.95,153.24,300.15,5.7
Strezhevoy,75,RU,1552024800,62,60.73,77.6,266.15,7.0
Honiara,68,SB,1552026835,89,-9.43,159.96,299.192,1.31
Marrakesh,40,MA,1552024800,93,31.63,-7.99,280.15,1.16
Ahuimanu,75,US,1552026791,88,21.44,-157.84,296.15,2.6
Clyde River,90,CA,1552025760,76,70.47,-68.59,253.15,8.7
Victoria,75,BN,1552024800,70,5.28,115.24,304.15,1.5
Garmsar,80,IR,1552026836,73,35.22,52.34,278.192,1.41
Thompson,20,CA,1552024800,65,55.74,-97.86,259.15,2.6
Tougan,0,BF,1552026836,35,13.07,-3.07,289.842,2.26
Komsomolskiy,68,RU,1552026836,83,67.55,63.78,262.092,7.06
Nipawin,1,CA,1552024800,77,53.36,-104.02,255.15,3.1
Airai,92,TL,1552026837,96,-8.93,125.41,294.042,1.06
Samarai,36,PG,1552026837,99,-10.62,150.67,302.192,5.71
Milas,20,TR,1552024200,100,37.31,27.78,282.15,1.0
Dingle,0,PH,1552026837,39,11.0,122.67,305.742,5.66
Kungurtug,0,RU,1552026837,54,50.6,97.53,265.992,0.96
Vitim,80,RU,1552026837,59,59.44,112.57,265.542,3.56
Zyryanka,0,RU,1552026838,72,65.73,150.89,253.867,0.46
Raudeberg,40,NO,1552026000,69,61.99,5.14,275.15,5.1
Arraial do Cabo,12,BR,1552026838,89,-22.97,-42.02,299.867,6.26
Dongli,90,CN,1552024800,76,24.18,117.61,287.15,5.0
Severo-Kurilsk,44,RU,1552026838,100,50.68,156.12,270.842,5.61
Sao Filipe,0,CV,1552026839,95,14.9,-24.5,294.467,8.11
Tasiilaq,0,GL,1552024200,58,65.61,-37.64,269.15,6.2
Castro,0,CL,1552024800,81,-42.48,-73.76,280.15,5.1
Slave Lake,90,CA,1552024800,72,55.28,-114.77,262.15,1.5
West Plains,90,US,1552026786,100,36.73,-91.85,277.04,3.1
Antibes,0,FR,1552026666,61,43.58,7.11,282.15,3.1
Clovis,90,US,1552026777,100,36.83,-119.7,283.71,3.41
Tiarei,20,PF,1552026789,66,-17.53,-149.33,303.15,2.6
Fairbanks,20,US,1552026821,85,64.84,-147.72,271.48,4.21
Hilo,75,US,1552026813,73,19.71,-155.08,295.15,3.6
Saskylakh,24,RU,1552026841,74,71.97,114.09,251.367,3.91
Lukovetskiy,75,RU,1552024800,92,64.29,41.92,266.15,2.0
Launceston,92,AU,1552026360,49,-41.43,147.14,293.15,7.7
Porto Walter,24,BR,1552026841,86,-8.27,-72.74,299.042,0.96
Phan Thiet,0,VN,1552026720,78,10.93,108.1,302.092,4.81
Erzin,0,TR,1552026595,61,36.95,36.2,285.93,3.1
Sambava,68,MG,1552026841,100,-14.27,50.17,299.592,0.76
Port Blair,20,IN,1552024800,55,11.67,92.75,304.15,5.1
Isangel,40,VU,1552024800,66,-19.55,169.27,304.15,5.91
Isla Vista,40,US,1552026614,100,34.41,-119.86,285.93,2.1
Kotma,0,IN,1552026842,32,23.2,81.98,300.842,2.91
College Place,75,US,1552026723,64,46.05,-118.39,274.26,2.1
San Patricio,48,PY,1552026842,80,-26.98,-56.83,299.192,2.91
Pevek,48,RU,1552026842,87,69.7,170.27,255.042,0.91
Port Lincoln,88,AU,1552026842,71,-34.72,135.86,296.017,1.61
Catio,0,GW,1552026843,91,11.28,-15.25,291.117,0.86
Puerto Ayora,68,EC,1552026843,100,-0.74,-90.35,298.842,5.86
Sharjah,20,AE,1552025880,49,25.36,55.39,295.15,5.1
Ylojarvi,75,FI,1552026807,100,61.56,23.6,275.93,4.1
Antalaha,12,MG,1552026843,100,-14.9,50.28,299.242,1.56
Labuhan,32,ID,1552026843,73,-2.54,115.51,302.742,1.21
Dong Hoi,0,VN,1552026844,91,17.48,106.6,299.467,2.51
Bethel,90,US,1552026180,86,60.79,-161.76,275.15,2.1
Yerbogachen,92,RU,1552026844,69,61.28,108.01,267.017,4.66
Sitka,0,US,1552026641,89,37.17,-99.65,270.93,1.79
Tazovskiy,88,RU,1552026753,94,67.47,78.7,261.492,11.06
Namibe,56,AO,1552026845,100,-15.19,12.15,298.642,0.76
Tessalit,0,ML,1552026845,30,20.2,1.01,283.692,2.76
Baijiantan,44,CN,1552026845,100,45.63,85.18,269.867,2.06
Buala,44,SB,1552026845,96,-8.15,159.59,301.267,2.31
Rawson,0,AR,1552026845,81,-43.3,-65.11,278.192,0.86
Beloha,0,MG,1552026846,63,-25.17,45.06,300.842,5.56
San Juan,80,AR,1552026847,86,-31.54,-68.53,291.042,3.91
Polunochnoye,20,RU,1552026847,72,60.87,60.43,266.642,4.66
Egvekinot,20,RU,1552026847,85,66.32,-179.17,256.217,1.66
Khuzhir,0,RU,1552026847,67,53.19,107.35,270.742,0.66
Davila,20,PH,1552024800,70,18.47,120.58,302.15,3.6
Mendi,0,ET,1552026848,23,9.8,35.1,294.942,0.26
Katobu,92,ID,1552026848,82,-4.94,122.53,303.617,3.41
Petropavlovsk-Kamchatskiy,75,RU,1552024800,92,53.05,158.65,272.15,2.0
Kailua,40,US,1552026791,83,21.39,-157.74,296.15,8.7
Alofi,20,NU,1552024800,78,-19.06,-169.92,300.15,3.1
Beringovskiy,88,RU,1552026849,91,63.05,179.32,268.517,11.06
Road Town,1,VG,1552026432,78,18.42,-64.62,297.04,2.6
Nishihara,20,JP,1552026829,32,35.74,139.53,287.59,7.7
Kahului,90,US,1552026702,88,20.89,-156.47,293.15,8.7
Kavieng,76,PG,1552026849,100,-2.57,150.8,300.892,1.11
Am Timan,0,TD,1552026849,28,11.04,20.28,297.517,6.76
La Tuque,0,CA,1552026654,58,47.44,-72.79,256.217,2.41
Panzhihua,0,CN,1552026804,45,26.59,101.72,290.37,3.36
Hays,1,US,1552026639,92,38.88,-99.33,272.15,3.6
Batagay,80,RU,1552026850,82,67.65,134.64,259.292,1.81
Sibolga,56,ID,1552026726,66,1.74,98.78,302.092,0.31
Leningradskiy,44,RU,1552026850,89,69.38,178.42,254.942,6.96
Butembo,88,CD,1552026850,100,0.12,29.29,290.467,1.21
Lashio,76,MM,1552026850,75,22.93,97.75,295.117,1.16
Cidreira,20,BR,1552026851,89,-30.17,-50.22,296.242,2.41
Jablah,0,SY,1552024800,61,35.36,35.93,283.15,1.5
Half Moon Bay,75,US,1552026846,70,37.46,-122.43,283.15,3.1
Bulgan,80,MN,1552026851,39,48.81,103.53,271.292,2.71
Amberley,68,NZ,1552026785,71,-43.15,172.73,288.15,1.5
Kasongo-Lunda,76,CD,1552026851,94,-6.48,16.82,293.292,1.36
Lardos,40,GR,1552026664,93,36.09,28.02,288.71,2.21
Dayong,0,PH,1552026852,97,11.74,122.04,299.867,7.01
Cabo San Lucas,40,MX,1552026319,40,22.89,-109.91,298.15,2.1
Beawar,0,IN,1552026852,34,26.1,74.31,301.292,2.01
Oleksandrivka,88,UA,1552026853,73,48.97,32.24,278.867,9.16
Ballina,75,IE,1552026783,93,54.11,-9.15,280.37,4.1
Lamar,1,US,1552025751,92,38.09,-102.62,270.93,4.6
Kieta,76,PG,1552026853,100,-6.22,155.63,298.892,0.66
Sept-Iles,40,CA,1552026708,52,50.2,-66.38,255.37,3.6
Ponta do Sol,80,BR,1552026853,95,-20.63,-46.0,291.692,0.96
Katherine,40,AU,1552023000,27,-14.47,132.26,311.15,6.7
Caravelas,68,BR,1552026854,100,-17.73,-39.27,301.842,0.96
Mocuba,92,MZ,1552026854,100,-16.84,36.99,295.742,1.86
Atambua,92,ID,1552026854,100,-9.11,124.89,297.392,3.01
Skibbereen,75,IE,1552024800,100,51.55,-9.27,277.15,3.6
Marovoay,40,MG,1552024800,70,-16.11,46.64,302.15,2.1
Bathsheba,75,BB,1552024800,78,13.22,-59.52,299.15,7.7
Maningrida,0,AU,1552026855,68,-12.05,134.23,304.492,5.81
Portland,75,US,1552026626,86,45.52,-122.67,276.15,1.5
Kaeo,0,NZ,1552026787,88,-35.1,173.78,292.59,1.34
Norman Wells,75,CA,1552024800,72,65.28,-126.83,264.15,1.0
Kruisfontein,100,ZA,1552026855,100,-34.0,24.73,291.467,6.01
Charters Towers,80,AU,1552026855,75,-20.07,146.27,301.142,3.36
Maigo,36,PH,1552026855,83,8.16,123.96,300.467,5.71
San Cristobal,75,EC,1552026720,93,-0.39,-78.55,286.15,2.1
Chake Chake,48,TZ,1552026856,94,-5.25,39.77,302.117,7.06
Jalalabad,20,AF,1552024500,36,34.43,70.46,290.15,2.1
Paso de los Toros,88,UY,1552026856,97,-32.81,-56.52,293.592,3.01
Santa Rosa,0,AR,1552026859,47,-36.62,-64.29,288.192,6.96
Vallenar,0,CL,1552026859,69,-28.58,-70.76,286.942,1.36
Port Shepstone,76,ZA,1552026639,93,-30.74,30.45,295.867,7.71
Brae,20,GB,1552026000,74,60.4,-1.35,276.15,2.6
Brigantine,1,US,1552026826,68,39.41,-74.36,273.15,2.31
Yangambi,92,CD,1552026859,92,0.77,24.47,296.442,1.31
Waipawa,80,NZ,1552026256,84,-39.94,176.59,290.37,5.16
Saint-Pierre,75,FR,1552026787,93,48.95,4.24,279.15,6.7
La Estancia,68,CO,1552026861,91,8.06,-73.19,291.142,0.71
Sabang,92,PH,1552026861,95,13.72,123.58,298.117,3.36
Ahipara,20,NZ,1552024867,100,-35.17,173.16,292.59,3.61
Lerwick,20,GB,1552026000,59,60.15,-1.15,276.15,5.1
Pangnirtung,0,CA,1552026861,68,66.15,-65.72,252.092,2.46
Marsh Harbour,56,BS,1552026862,100,26.54,-77.06,294.617,7.16
Straumen,75,NO,1552026615,86,63.87,11.3,272.04,6.7
San Quintin,20,PH,1552026862,48,17.54,120.52,303.992,2.71
Shima,20,JP,1552024800,50,34.34,136.82,284.15,8.7
Roros,75,NO,1552026000,92,62.57,11.38,266.15,2.6
Qixingtai,76,CN,1552026853,44,30.41,111.89,284.26,2.06
Upernavik,32,GL,1552026862,100,72.79,-56.15,260.767,6.16
El Seibo,80,DO,1552026863,78,18.76,-69.04,296.017,2.51
Pasni,0,PK,1552026625,92,25.26,63.48,295.392,2.41
Kharan,0,PK,1552026626,74,28.58,65.42,287.767,1.66
Teya,5,MX,1552026636,68,21.05,-89.07,295.93,4.6
Bachatskiy,0,RU,1552026863,84,54.29,86.13,271.967,4.01
Kolpashevo,48,RU,1552026863,84,58.31,82.9,272.292,7.81
Aykhal,76,RU,1552026863,70,65.95,111.51,261.942,3.91
Dalvik,75,SE,1552026659,93,57.79,14.13,277.59,6.2
Villefranche-sur-Saone,90,FR,1552026813,65,45.98,4.72,281.48,1.5
Ardabil,90,IR,1552024800,97,38.25,48.3,273.15,4.1
Zhigansk,36,RU,1552026864,59,66.77,123.37,261.217,1.61
Ilanskiy,24,RU,1552026864,90,56.24,96.06,271.092,6.31
Lompoc,92,US,1552026722,93,34.64,-120.46,282.15,2.1
Namatanai,20,PG,1552026864,100,-3.66,152.44,300.717,0.66
Ukwa,8,NG,1552026865,91,5.47,8.01,295.542,1.31
Sola,40,NO,1552026798,64,58.89,5.65,277.15,14.4
Chuy,88,UY,1552026820,100,-33.69,-53.46,294.092,5.26
Marsa Matruh,75,EG,1552021200,93,31.35,27.25,282.15,1.0
Tautira,20,PF,1552026789,66,-17.73,-149.15,303.15,2.6
Barinas,8,VE,1552026865,59,8.64,-70.23,298.742,2.26
Nouadhibou,0,MR,1552024800,72,20.93,-17.03,288.15,10.3
Manokwari,68,ID,1552026866,100,-0.87,134.08,299.692,6.16
Vostok,0,RU,1552026866,45,46.45,135.83,275.967,2.06
Tiksi,80,RU,1552026866,76,71.64,128.87,256.517,4.71
Burlatskoye,68,RU,1552026866,98,45.06,43.63,278.392,3.56
Yar-Sale,24,RU,1552026866,80,66.83,70.83,258.617,7.26
Ilulissat,0,GL,1552024200,44,69.22,-51.1,267.15,17.5
Darhan,0,MN,1552026867,33,49.49,105.92,273.517,5.21
Anadyr,0,RU,1552026793,77,64.73,177.51,255.37,2.0
Grand Gaube,40,MU,1552026842,66,-20.01,57.66,302.15,1.5
Znamenskoye,0,RU,1552026867,90,57.13,73.82,265.517,6.26
Srandakan,92,ID,1552026867,85,-7.94,110.25,299.942,1.96
Rocha,100,UY,1552026868,98,-34.48,-54.34,292.942,2.06
Olinda,75,EC,1552026734,78,-2.03,-79.75,300.15,1.0
Bundaberg,92,AU,1552026612,65,-24.87,152.35,301.15,8.2
Santa Maria,8,BR,1552026869,83,-29.69,-53.81,296.592,4.91
Baykit,88,RU,1552026869,81,61.68,96.39,269.467,4.66
Marion,90,US,1552026797,100,35.21,-90.2,282.15,2.1
Kempele,80,FI,1552026604,86,64.91,25.51,271.48,5.1
Aksu,90,KZ,1552024800,85,52.04,76.93,269.15,5.0
Pipili,20,IN,1552024800,66,20.12,85.83,303.15,1.0
Cilaos,75,RE,1552026671,70,-21.13,55.47,303.15,6.7
Aneho,20,TG,1552026871,99,6.23,1.6,301.942,5.41
Praia,0,BR,1552024800,77,-20.25,-43.81,294.15,3.1
Kamariotissa,0,GR,1552024200,87,40.48,25.47,287.15,0.5
Pontianak,75,ID,1552024800,55,-0.02,109.34,306.15,2.1
Cacapava do Sul,8,BR,1552026872,90,-30.51,-53.49,295.692,2.31
Tura,0,IN,1552026872,52,25.52,90.21,296.942,1.81
Iqaluit,90,CA,1552026769,76,63.75,-68.52,253.15,8.7
Leshukonskoye,64,RU,1552026872,79,64.9,45.76,266.842,2.06
Goderich,12,CA,1552026847,76,43.74,-81.71,262.04,2.24
Yulara,0,AU,1552024800,8,-25.24,130.99,313.15,4.6
Gidole,88,ET,1552026873,30,5.65,37.37,299.792,1.06
Weihe,92,CN,1552026873,78,32.99,105.33,278.842,0.91
Tabou,48,CI,1552026873,100,4.42,-7.36,300.867,4.21
Point Fortin,75,TT,1552026705,88,10.16,-61.68,298.15,2.6
Abonnema,0,NG,1552026873,93,4.71,6.79,295.342,1.36
Mount Isa,40,AU,1552024800,24,-20.73,139.49,311.15,5.7
Abu Dhabi,20,AE,1552024800,52,24.47,54.37,294.15,6.2
Carutapera,92,BR,1552026874,97,-1.2,-46.02,296.892,1.31
Puerto Escondido,0,MX,1552026763,99,15.86,-97.07,301.542,3.61
Boa Vista,0,BR,1552024800,58,2.82,-60.67,302.15,6.2
Vieux-Habitants,90,GP,1552026600,88,16.06,-61.77,295.15,3.1
Pajapan,92,MX,1552026875,90,18.26,-94.69,295.442,2.91
Ban Nahin,24,LA,1552026875,30,18.24,104.21,308.542,1.96
Port Macquarie,40,AU,1552026844,58,-31.43,152.91,301.15,6.2
Seymchan,12,RU,1552026875,76,62.93,152.39,256.042,0.46
Sur,0,OM,1552026661,94,22.57,59.53,295.117,6.26
Rome,92,IT,1552026484,87,41.89,12.48,286.15,1.5
Cascais,20,PT,1552026811,81,38.7,-9.42,286.15,5.1
Mustasaari,92,FI,1552026759,96,63.17,21.67,273.71,3.6
Yamada,75,JP,1552026678,39,36.58,137.08,284.26,2.6
Porangatu,56,BR,1552026876,91,-13.44,-49.14,295.092,1.41
Oranjemund,0,ZA,1552026876,94,-28.55,16.43,290.467,10.81
Senanga,32,ZM,1552026876,74,-16.1,23.3,295.042,3.76
Sampit,48,ID,1552026876,85,-2.54,112.95,304.242,2.11
Damghan,68,IR,1552026876,71,36.17,54.34,280.717,2.46
Gigmoto,76,PH,1552026877,100,13.78,124.39,297.792,4.66
Tarko-Sale,76,RU,1552026175,83,64.92,77.78,262.04,0.45
Kamiiso,75,JP,1552024800,48,41.82,140.65,277.15,7.7
Couvin,75,BE,1552026877,93,50.05,4.5,278.71,4.1
Dawei,0,MM,1552026838,46,14.07,98.19,306.092,1.31
Blagoyevo,88,RU,1552026877,83,63.37,47.92,266.892,2.41
Porto Belo,40,BR,1552026787,78,-27.15,-48.54,300.15,4.6
Terbuny,80,RU,1552026877,94,52.15,38.28,272.342,7.46
Nouakchott,0,MR,1552024800,38,18.08,-15.98,288.15,2.6
Morgan Hill,90,US,1552026857,87,37.13,-121.65,282.59,1.56
Rafina,0,GR,1552026803,93,38.02,24.01,288.71,0.5
Snyder,1,US,1552026708,44,32.72,-100.92,290.93,4.6
Isla Mujeres,20,MX,1552026788,73,21.23,-86.73,296.15,2.6
Uni,88,RU,1552026878,79,57.75,51.49,267.017,5.61
Kangaatsiaq,0,GL,1552026879,94,68.31,-53.46,267.117,5.01
Luderitz,0,NA,1552026879,79,-26.65,15.16,290.242,8.76
Lubango,80,AO,1552026879,94,-14.92,13.49,291.517,1.11
Muros,20,ES,1552026871,100,42.77,-9.06,280.93,0.5
Carnarvon,0,ZA,1552026879,72,-30.97,22.13,287.792,6.96
Ziro,75,IN,1552024800,53,27.54,93.82,296.15,4.1
Newport,8,GB,1552026597,93,51.59,-3.0,277.59,3.6
Shihezi,64,CN,1552026880,100,44.3,86.03,273.642,2.06
Bonavista,8,CA,1552026630,57,48.65,-53.11,262.04,6.26
Naryan-Mar,12,RU,1552026880,84,67.67,53.09,266.092,9.76
Alyangula,0,AU,1552024800,83,-13.85,136.42,299.15,2.6
Coruripe,92,BR,1552026881,97,-10.12,-36.18,300.842,4.21
Mugur-Aksy,0,RU,1552026881,72,50.38,90.44,268.267,1.31
Jurm,12,AF,1552026881,79,36.86,70.83,266.542,0.71
Bijie,48,CN,1552026881,98,27.3,105.3,281.792,1.61
Rio Gallegos,0,AR,1552024800,80,-51.62,-69.22,277.15,4.1
Hof,75,DE,1552026841,69,50.32,11.92,280.37,7.7
Sao Felix do Xingu,12,BR,1552026882,100,-6.64,-51.99,295.292,0.91
Cabedelo,75,BR,1552024800,94,-6.97,-34.84,298.15,2.6
Cedar City,1,US,1552026631,69,37.68,-113.06,277.15,5.1
Tonekabon,90,IR,1552024800,93,36.82,50.88,283.15,1.0
Salalah,0,OM,1552024200,13,17.01,54.1,303.15,8.2
Guarulhos,0,BR,1552024800,100,-23.44,-46.52,294.15,1.11
Nago,8,IT,1552026844,100,45.88,10.89,282.04,1.0
Correntina,56,BR,1552026883,64,-13.34,-44.63,297.767,3.81
Jishou,92,CN,1552026884,97,28.26,109.7,280.392,2.66
Sorland,40,NO,1552026000,74,67.67,12.69,272.15,11.8
Fort Morgan,0,US,1552026605,86,40.25,-103.8,270.15,1.5
Mezhdurechensk,24,RU,1552026884,65,53.69,88.07,272.692,1.36
Ketchikan,1,US,1552024560,100,55.34,-131.65,274.15,2.1
Broome,0,GB,1552026875,89,52.47,1.45,277.04,3.6
Orodara,8,BF,1552026884,40,10.98,-4.92,293.892,0.96
Swift Current,1,CA,1552024800,78,50.29,-107.8,262.15,7.2
Ambon,0,FR,1552026835,93,47.55,-2.56,281.48,2.1
Dudinka,92,RU,1552026721,95,69.41,86.18,267.842,2.96
Toamasina,20,MG,1552024800,70,-18.17,49.38,302.15,3.1
Troitsko-Pechorsk,68,RU,1552026885,72,62.71,56.19,266.592,3.56
Nidzica,0,PL,1552026885,78,53.36,20.43,278.342,7.26
Aklavik,75,CA,1552024800,85,68.22,-135.01,267.15,1.5
Katsina,8,NG,1552026885,30,12.99,7.6,292.242,4.01
Rudnogorsk,32,RU,1552026886,64,57.27,103.75,271.367,4.36
Sakleshpur,0,IN,1552026886,18,12.94,75.79,306.292,1.36
Sioux Lookout,75,CA,1552024800,65,50.1,-91.92,259.15,2.6
Usinsk,76,RU,1552026886,87,66.0,57.56,264.217,6.06
Shenjiamen,32,CN,1552026886,84,29.96,122.3,284.542,4.51
Leh,20,IN,1552026886,82,34.16,77.58,254.442,0.01
Naze,0,NG,1552026887,93,5.43,7.07,295.942,1.86
Sherpur,0,BD,1552026887,58,25.02,90.01,298.717,1.76
Sorokino,68,RU,1552026887,94,51.22,37.86,273.942,7.16
Cap Malheureux,40,MU,1552026542,66,-19.98,57.61,302.15,1.5
Riberalta,20,BO,1552026887,89,-11.0,-66.08,298.542,0.96
Livingston,90,US,1552026699,54,32.58,-88.19,287.15,1.5
Vacaria,92,BR,1552026849,96,-28.51,-50.94,293.71,0.45
Highland Springs,75,US,1552026846,69,37.55,-77.33,275.37,1.96
Altay,0,CN,1552026888,78,47.83,88.13,272.192,0.86
Lander,1,US,1552026719,79,42.83,-108.73,272.59,2.6
Narsaq,68,GL,1552026888,78,60.91,-46.05,269.442,6.81
Graaff-Reinet,92,ZA,1552026889,97,-32.25,24.53,287.742,3.56
Gilbues,44,BR,1552026889,92,-9.83,-45.34,293.467,1.31
La Guardia,20,BO,1552024800,88,-17.89,-63.33,298.15,7.2
Miguel Hidalgo,40,MX,1552026787,39,19.41,-99.19,292.15,2.1
Udachnyy,80,RU,1552026889,65,66.42,112.4,262.992,2.46
Aquiraz,40,BR,1552026864,94,-3.9,-38.39,299.26,2.1
Jiuquan,20,CN,1552026890,73,39.73,98.49,275.592,2.26
Kirakira,44,SB,1552026890,100,-10.46,161.92,300.642,4.36
Zhezkazgan,32,KZ,1552024800,85,47.8,67.71,262.15,2.0
Brza Palanka,0,RS,1552026890,85,44.47,22.44,274.617,0.76
Harper,1,US,1552026733,87,30.3,-99.24,289.82,3.6
Rosarito,40,CO,1552021200,88,4.91,-75.23,293.15,4.1
Bom Jardim,75,BR,1552024800,88,-7.8,-35.59,296.15,1.0
Severodvinsk,75,RU,1552024800,92,64.56,39.82,266.15,2.0
Constitucion,0,MX,1552026617,32,23.99,-104.67,288.15,2.68
Garwa,0,IN,1552026891,33,27.63,81.51,300.092,4.56
North Kessock,0,GB,1552026666,100,57.5,-4.24,275.15,3.1
Carballo,20,ES,1552026871,93,43.21,-8.69,282.59,1.0
Port Hardy,20,CA,1552024800,86,50.7,-127.42,271.15,2.6
Mitu,80,IR,1552026892,75,36.2,46.09,274.617,1.41
Elbistan,0,TR,1552026892,53,38.2,37.19,272.192,1.76
Livramento,0,BR,1552024800,83,-3.03,-60.18,299.15,2.1
Chiguayante,0,CL,1552024800,87,-36.93,-73.02,285.15,3.1
Manado,40,ID,1552024800,62,1.49,124.85,302.15,1.0
El Tarra,76,CO,1552026893,97,8.57,-73.09,292.142,0.96
Pisco,0,PE,1552024800,78,-13.71,-76.2,296.15,5.1
Kenai,90,US,1552026725,95,60.55,-151.26,273.71,4.1
Probolinggo,20,ID,1552024800,62,-7.74,113.22,305.15,5.1
George,32,NG,1552026894,95,6.63,3.35,299.617,2.66
Pundaguitan,92,PH,1552026894,100,6.37,126.17,299.242,2.06
Safranbolu,0,TR,1552024200,78,41.25,32.69,281.15,1.0
Potosi,0,BO,1552026894,73,-19.59,-65.75,271.342,0.71
Susangerd,75,IR,1552024800,45,31.56,48.19,291.15,3.1
Calama,0,CL,1552024800,82,-22.46,-68.93,285.15,6.7
San Buenaventura,12,MX,1552026603,52,27.06,-101.55,292.04,0.89
Virden,68,CA,1552026895,69,49.85,-100.93,258.717,2.96
Awjilah,0,LY,1552026895,57,29.14,21.3,283.792,3.21
Sotuta,0,MX,1552026895,60,20.6,-89.01,295.692,2.71
Kendari,56,ID,1552026895,67,-3.99,122.52,303.092,1.96
Dubbo,32,AU,1552023000,30,-32.25,148.6,307.15,8.2
Fortuna,0,ES,1552026879,74,38.18,-1.13,284.82,1.5
Prattville,90,US,1552026543,47,32.46,-86.46,286.48,2.46
Voyvozh,56,RU,1552026896,83,62.89,54.96,266.092,4.76
Chapais,75,CA,1552024800,70,49.78,-74.86,256.15,4.1
Prince Rupert,1,CA,1552024800,100,54.32,-130.32,273.15,2.6
Pacific Grove,90,US,1552026629,87,36.62,-121.92,282.59,2.1
Kavaratti,0,IN,1552026896,100,10.57,72.64,300.692,2.56
Nabire,80,ID,1552026897,89,-3.36,135.5,297.342,0.66
Nokaneng,8,BW,1552026897,45,-19.66,22.19,295.217,4.66
Sao Goncalo do Amarante,40,BR,1552026864,94,-3.61,-38.97,299.26,2.1
Eufaula,90,US,1552026817,66,31.89,-85.15,285.93,1.21
La Ronge,5,CA,1552024800,83,55.1,-105.3,250.15,2.1
Payson,40,US,1552026892,93,40.04,-111.73,278.15,2.1
Glenwood Springs,75,US,1552026840,100,39.55,-107.33,275.93,1.36
Zhob,92,PK,1552026898,82,31.34,69.45,279.867,1.61
Acapulco,5,MX,1552023720,94,16.86,-99.88,298.15,1.86
kimparana,0,ML,1552026898,32,12.83,-4.92,289.692,2.51
Taoudenni,0,ML,1552026898,47,22.68,-3.98,285.842,5.81
Vardo,1,US,1552026897,50,39.62,-77.74,272.04,2.1
Guerrero Negro,92,MX,1552026899,100,27.97,-114.04,288.117,3.76
Hofn,68,IS,1552026899,100,64.25,-15.21,271.842,7.46
Maryville,90,US,1552026690,95,40.35,-94.87,274.26,4.6
Les Cayes,100,HT,1552026899,100,18.19,-73.75,297.192,1.76
General Roca,0,AR,1552024800,58,-39.03,-67.58,287.15,5.1
Przasnysz,0,PL,1552026891,70,53.02,20.88,281.48,4.1
San Pedro,32,AR,1552026881,96,-33.68,-59.66,292.59,0.89
Hami,0,CN,1552026902,60,42.84,93.51,285.117,0.26
Herat,20,AF,1552024500,50,34.35,62.22,286.15,1.0
Dingtao,80,CN,1552026902,42,35.07,115.56,286.267,3.86
Dakar,0,SN,1552024800,77,14.69,-17.45,290.15,9.3
Makakilo City,75,US,1552026791,88,21.35,-158.09,296.15,2.6
Canmore,90,CA,1552025819,78,51.09,-115.35,264.26,2.1
Plouzane,75,FR,1552026725,93,48.38,-4.62,280.37,2.6
Pudozh,92,RU,1552026903,92,61.81,36.54,272.842,5.81
Liverpool,20,GB,1552026725,93,53.41,-2.98,278.15,3.1
Itarema,32,BR,1552026903,95,-2.92,-39.92,296.267,1.61
Eenhana,75,NA,1552021200,65,-17.48,16.34,298.15,4.1
Palmer,0,AU,1552026793,46,-34.85,139.16,300.37,4.6
Troitskoye,0,RU,1552026904,79,52.98,84.68,272.992,2.46
Coquimbo,20,CL,1552024800,93,-29.95,-71.34,288.15,1.5
Kukuna,100,SL,1552026904,89,8.64,-12.57,298.242,1.56
Mahalapye,0,BW,1552026904,69,-23.11,26.83,295.467,3.31
Tyukhtet,80,RU,1552026904,84,56.54,89.31,272.517,7.51
Pontal do Parana,20,BR,1552026499,88,-25.67,-48.51,298.15,1.5
Vestmannaeyjar,32,IS,1552026882,99,63.44,-20.27,275.092,15.01
Nakhon Si Thammarat,20,TH,1552024800,59,8.43,99.96,305.15,4.1
Matay,0,EG,1552026905,82,28.42,30.79,284.117,4.26
Saint-Paul,90,FR,1552026680,93,45.22,1.9,278.71,1.36
Voh,48,NC,1552026906,94,-20.95,164.69,299.392,7.41
Kantang,20,TH,1552024800,41,7.42,99.52,307.15,3.1
Boueni,75,YT,1552024800,84,-12.9,45.08,303.15,4.6
Yinchuan,44,CN,1552026906,49,38.48,106.21,285.217,3.11
Mantua,0,IT,1552026904,100,45.16,10.79,283.15,1.0
Paragominas,20,BR,1552026906,96,-3.0,-47.35,294.992,1.11
Bartlesville,90,US,1552026807,87,36.75,-95.98,281.15,2.1
Melo,92,UY,1552026907,99,-32.37,-54.17,293.717,3.41
Lujan,0,AR,1552026907,76,-46.57,-67.67,275.142,1.21
Burns Lake,24,CA,1552026907,77,54.23,-125.76,262.867,1.41
Muisne,80,EC,1552026907,98,0.61,-80.02,296.117,1.21
Liepaja,68,LV,1552024200,87,56.52,21.02,279.15,6.2
Quelimane,75,MZ,1552024800,94,-17.88,36.89,298.15,2.6
Atkarsk,44,RU,1552026908,86,51.88,45.01,262.867,5.21
Vredendal,80,ZA,1552026908,68,-31.68,18.49,288.117,1.16
Salta,0,AR,1552024800,94,-24.79,-65.41,294.15,1.5
Krasnyy Chikoy,0,RU,1552026908,28,50.36,108.75,271.942,2.26
Urubicha,36,BO,1552026908,89,-15.63,-63.08,298.092,1.66
Praya,75,ID,1552026600,74,-8.71,116.27,301.15,4.6
Cajati,32,BR,1552026909,90,-24.73,-48.11,295.642,1.11
Karratha,48,AU,1552026649,25,-20.74,116.85,311.392,4.21
Mitsamiouli,20,KM,1552021200,74,-11.38,43.28,303.15,4.1
Ruston,90,US,1552026610,93,32.52,-92.64,288.15,4.56
Ayan,8,TR,1552026909,76,40.67,33.6,270.367,0.76
Miyako,20,JP,1552026744,40,33.63,130.94,287.59,4.6
Chimbote,48,PE,1552026909,90,-9.08,-78.59,294.867,1.16
Lensk,76,RU,1552026910,58,60.71,114.91,264.592,4.31
Northam,20,GB,1552026902,96,51.04,-4.21,277.15,1.0
Te Anau,0,NZ,1552026910,53,-45.41,167.72,288.642,1.16
Ulladulla,56,AU,1552026676,48,-35.36,150.48,301.48,6.2
Ishigaki,75,JP,1552024800,82,24.34,124.16,292.15,7.2
Grindavik,0,IS,1552026256,79,63.84,-22.43,271.15,4.1
Ternate,20,PH,1552026631,55,14.29,120.72,304.82,5.1
Najran,5,SA,1552021200,29,17.54,44.22,289.15,2.1
Ikalamavony,56,MG,1552026911,97,-21.17,46.6,292.492,1.36
Bria,24,CF,1552026911,68,6.54,21.99,295.892,1.36
Rafai,12,CF,1552026911,93,4.95,23.92,295.742,1.76
Oudtshoorn,90,ZA,1552024800,100,-33.59,22.2,288.15,2.1
Punto Fijo,8,VE,1552026911,80,11.69,-70.21,297.692,7.06
Yatou,75,CM,1552024800,94,3.63,9.81,296.15,3.81
Aksarka,0,RU,1552026912,74,66.56,67.8,256.942,6.16
Magadi,0,IN,1552026600,27,12.96,77.22,305.37,2.6
Mwanza,40,TZ,1552021200,93,-2.52,32.9,292.15,7.7
Hovd,75,NO,1552026901,86,63.83,10.7,272.04,6.7
Assiniboia,0,CA,1552026912,68,49.63,-105.99,260.867,4.71
Taguatinga,0,BR,1552024800,93,-15.83,-48.06,291.15,1.0
